time,Tmean_CCSM4,dT_CCSM4,Tmean_HadGEM,dT_HadGEM2,Tmean_IPSL,dT_IPSL,Tmean_MPI,dT_MPI
1850,13.209933,-0.1774397096774205,NA,NA,12.312276,0.01586635483871035,13.314286,-0.20652780645161428
1851,13.409994,0.022621290322579313,NA,NA,12.195901,-0.1005086451612911,13.450457,-0.07035680645161335
1852,13.449543,0.06217029032258026,NA,NA,12.209548,-0.08686164516129047,13.498062,-0.022751806451614343
1853,13.33562,-0.05175270967741952,NA,NA,12.228437,-0.06797264516129076,13.588789,0.06797519354838677
1854,13.12901,-0.2583627096774208,NA,NA,12.217763,-0.07864664516129061,13.731408,0.2105941935483866
1855,13.305397,-0.08197570967742074,NA,NA,12.183008,-0.11340164516129114,13.605848,0.08503419354838648
1856,13.363769,-0.023603709677420426,NA,NA,12.072276,-0.22413364516128986,13.431453,-0.08936080645161404
1857,13.197146,-0.19022670967741995,NA,NA,11.906981,-0.3894286451612903,13.375008,-0.14580580645161412
1858,13.237752,-0.14962070967741958,NA,NA,11.824354,-0.4720556451612907,13.44266,-0.0781538064516134
1859,13.339881,-0.04749170967741989,NA,NA,11.890205,-0.4062046451612904,13.495679,-0.02513480645161259
1860,13.257608,-0.1297647096774206,13.644196,0.030603774193549427,12.052268,-0.24414164516129055,13.351739,-0.1690748064516132
1861,13.291232,-0.09614070967741917,13.752615,0.13902277419354903,12.162113,-0.13429664516129058,13.428694,-0.09211980645161333
1862,13.322615,-0.06475770967741923,13.538436,-0.07515622580645065,12.089065,-0.20734464516129059,13.242964,-0.27784980645161284
1863,13.380633,-0.006739709677420436,13.529401,-0.08419122580645144,12.075193,-0.2212166451612898,13.262559,-0.2582548064516139
1864,13.425783,0.038410290322579144,13.434197,-0.17939522580645217,12.222688,-0.07372164516129054,13.231325,-0.28948880645161346
1865,13.334673,-0.05269970967741955,13.431361,-0.18223122580645068,12.352708,0.056298354838709486,13.391772,-0.1290418064516139
1866,13.093626,-0.29374670967741956,13.430291,-0.18330122580645103,12.224765,-0.07164464516129065,13.457049,-0.06376480645161386
1867,13.223057,-0.16431570967741926,13.495931,-0.11766122580645089,12.039009,-0.25740064516129024,13.640737,0.11992319354838621
1868,13.326467,-0.060905709677420816,13.644078,0.03048577419354892,12.042305,-0.2541046451612896,13.546818,0.026004193548386567
1869,13.473072,0.08569929032258017,13.692333,0.07874077419354819,12.176699,-0.11971064516129104,13.403105,-0.11770880645161341
1870,13.356155,-0.031217709677420657,13.521976,-0.09161622580645101,12.156718,-0.13969164516129062,13.341614,-0.1791998064516136
1871,13.399723,0.012350290322579838,13.609944,-0.0036482258064509665,12.224223,-0.07218664516129003,13.40386,-0.11695380645161357
1872,13.324924,-0.062448709677420666,13.675086,0.061493774193548845,12.130711,-0.16569864516129051,13.548835,0.028021193548386947
1873,13.377521,-0.009851709677420217,13.579273,-0.03431922580645086,12.258154,-0.038255645161290985,13.714474,0.1936601935483857
1874,13.297113,-0.09025970967742047,13.537004,-0.07658822580645186,12.291219,-0.005190645161290419,13.59288,0.07206619354838573
1875,13.441108,0.05373529032257984,13.611126,-0.00246622580645095,12.398132,0.10172235483871006,13.668551,0.14773719354838732
1876,13.423738,0.03636529032258018,13.726946,0.11335377419354842,12.211317,-0.085092645161291,13.752443,0.23162919354838607
1877,13.301498,-0.0858747096774195,13.805312,0.19171977419354924,12.245186,-0.051223645161289966,13.540481,0.019667193548386308
1878,13.234226,-0.1531467096774204,13.636329,0.02273677419354847,12.237275,-0.05913464516128997,13.52804,0.007226193548387272
1879,13.320395,-0.06697770967742045,13.429534,-0.18405822580645115,12.07045,-0.22595964516129108,13.591795,0.07098119354838595
1880,13.53169,0.14431729032257934,13.435381,-0.17821122580645188,12.201445,-0.09496464516129066,13.521593,7.791935483858481e-4
1881,13.464171,0.07679829032258034,13.612404,-0.001188225806451726,12.390549,0.09413935483870972,13.466406,-0.05440780645161425
1882,13.336697,-0.050675709677420855,13.816462,0.20286977419354812,12.231724,-0.0646856451612905,13.328512,-0.19230180645161354
1883,13.270991,-0.11638170967741956,13.707578,0.09398577419354837,12.076766,-0.2196436451612911,13.202816,-0.31799780645161313
1884,12.87718,-0.5101927096774208,13.400035,-0.21355722580645065,11.736657,-0.5597526451612911,12.965487,-0.5553268064516139
1885,13.126564,-0.26080870967741987,13.469596,-0.14399622580645222,11.821927,-0.4744826451612898,12.841759,-0.6790548064516138
1886,13.021757,-0.36561570967742085,13.456507,-0.15708522580645123,11.954962,-0.3414476451612902,12.937721,-0.5830928064516137
1887,12.936353,-0.45101970967741956,13.252753,-0.3608392258064512,11.936661,-0.35974864516128946,13.134439,-0.38637480645161304
1888,13.189431,-0.1979417096774192,13.465615,-0.14797722580645178,12.02136,-0.2750496451612907,13.288616,-0.23219780645161414
1889,13.211466,-0.17590670967742028,13.553375,-0.060217225806450614,11.869195,-0.4272146451612908,13.356128,-0.16468580645161346
1890,13.268411,-0.11896170967741959,13.629941,0.016348774193549076,11.922903,-0.3735066451612905,13.283316,-0.23749780645161422
1891,13.305683,-0.08168970967741984,13.617953,0.004360774193548522,11.970912,-0.3254976451612901,13.171818,-0.34899580645161343
1892,13.100189,-0.2871837096774197,13.458951,-0.15464122580645068,12.077788,-0.21862164516129035,13.289262,-0.23155180645161266
1893,13.137718,-0.24965470967742043,13.288122,-0.3254702258064519,11.99607,-0.30033964516129075,13.510676,-0.01013780645161333
1894,13.351762,-0.035610709677419194,13.312801,-0.3007912258064511,11.968305,-0.32810464516128945,13.450748,-0.07006580645161264
1895,13.393516,0.006143290322579986,13.439468,-0.1741242258064517,11.994464,-0.30194564516128963,13.414484,-0.1063298064516136
1896,13.235089,-0.15228370967741967,13.668613,0.055020774193549116,11.989418,-0.30699164516128974,13.540254,0.019440193548385665
1897,13.310948,-0.07642470967742021,13.579648,-0.033944225806450845,11.962224,-0.33418564516128946,13.622081,0.1012671935483862
1898,13.422152,0.034779290322580536,13.468273,-0.1453192258064515,11.93742,-0.35898964516129084,13.417662,-0.10315180645161348
1899,13.355538,-0.03183470967742075,13.569333,-0.04425922580645114,11.942891,-0.35351864516129083,13.395072,-0.1257418064516127
1900,13.333552,-0.05382070967742081,13.53493,-0.07866222580645221,12.038655,-0.25775464516129,13.437263,-0.08355080645161372
1901,13.516944,0.12957129032258052,13.626378,0.012785774193549315,12.048478,-0.24793164516129096,13.396586,-0.12422780645161424
1902,13.443601,0.056228290322579255,13.607452,-0.006140225806451127,12.252191,-0.04421864516129048,13.349456,-0.17135780645161347
1903,12.754755,-0.6326177096774206,13.525775,-0.08781722580645202,12.116934,-0.17947564516128978,13.395939,-0.1248748064516132
1904,12.779933,-0.6074397096774202,13.528518,-0.08507422580645141,12.158108,-0.13830164516128995,13.415175,-0.10563880645161383
1905,13.08379,-0.3035827096774195,13.667385,0.053792774193548,12.246901,-0.04950864516129094,13.404084,-0.11672980645161424
1906,13.038038,-0.34933470967741975,13.659575,0.04598277419354879,12.218518,-0.07789164516129077,13.462337,-0.05847680645161368
1907,13.076143,-0.3112297096774199,13.609202,-0.004390225806451653,12.257253,-0.039156645161289916,13.303756,-0.21705780645161354
1908,13.286624,-0.10074870967742022,13.548948,-0.06464422580645213,12.220546,-0.07586364516128974,13.352989000000001,-0.16782480645161257
1909,13.509613,0.12224029032257988,13.404057,-0.20953522580645156,12.202093,-0.09431664516129068,13.516865,-0.003948806451614217
1910,13.374957,-0.012415709677419784,13.49038,-0.12321222580645141,12.161253,-0.13515664516129,13.558738,0.0379241935483865
1911,13.209813,-0.17755970967741952,13.465371,-0.14822122580645214,12.308754,0.012344354838710103,13.464729,-0.05608480645161329
1912,13.235326,-0.1520467096774194,13.30214,-0.3114522258064518,12.195175,-0.10123464516128955,13.645487,0.1246731935483858
1913,13.214878,-0.17249470967741942,13.492413,-0.12117922580645057,12.174672,-0.12173764516129104,13.621703,0.10088919354838666
1914,13.330685,-0.05668770967741921,13.622633,0.009040774193548984,12.226436,-0.06997364516129068,13.66507,0.1442561935483866
1915,13.331851,-0.05552170967741965,13.57905,-0.034542225806450944,12.252698,-0.04371164516128978,13.581825,0.0610111935483868
1916,13.472255,0.08488229032258054,13.68119,0.0675977741935494,12.124938,-0.1714716451612901,13.736381,0.21556719354838627
1917,13.487223,0.09985029032258019,13.803284,0.1896917741935482,12.252352,-0.04405764516129018,13.625894,0.10508019354838716
1918,13.349255,-0.038117709677420564,13.800511,0.18691877419354874,12.355382,0.05897235483871022,13.556626,0.03581219354838616
1919,13.445911,0.05853829032258062,13.786191,0.17259877419354908,12.243855,-0.05255464516129038,13.645823,0.12500919354838658
1920,13.547376,0.16000329032257987,13.742934,0.12934177419354853,12.20882,-0.08758964516129097,13.592487,0.07167319354838675
1921,13.431212,0.04383929032258038,13.679601,0.06600877419354845,12.284393,-0.01201664516129064,13.394975,-0.12583880645161294
1922,13.495199,0.10782629032257951,13.591453,-0.02213922580645189,12.421598,0.12518835483870916,13.466321,-0.05449280645161281
1923,13.598117,0.21074429032258024,13.608153,-0.005439225806451731,12.347363,0.05095335483870933,13.523364,0.0025501935483873694
1924,13.711304,0.32393129032258017,13.789605,0.17601277419354844,12.312939,0.016529354838709764,13.48128,-0.03953380645161353
1925,13.517403,0.13003029032257984,13.655981,0.04238877419354914,12.424614,0.12820435483870973,13.597354,0.07654019354838582
1926,13.549615,0.1622422903225793,13.610008,-0.0035842258064509025,12.608642,0.31223235483870937,13.535803,0.014989193548386126
1927,13.787932,0.40055929032257964,13.608322,-0.005270225806452089,12.571363,0.27495335483870953,13.495273,-0.025540806451614273
1928,13.625191,0.23781829032257917,13.643852,0.030259774193549305,12.526581,0.23017135483870987,13.616002,0.09518819354838648
1929,13.404707,0.01733429032258016,13.616014,0.002421774193548387,12.522381,0.225971354838709,13.560554,0.039740193548386316
1930,13.649483,0.26211029032258004,13.627765,0.014172774193548676,12.447577,0.15116735483871047,13.609061,0.08824719354838706
1931,13.74942,0.36204729032258065,13.647218,0.03362577419354906,12.495891,0.19948135483871,13.573291,0.05247719354838587
1932,13.49407,0.10669729032258068,13.604709,-0.008883225806451733,12.605968,0.3095583548387104,13.598095,0.07728119354838725
1933,13.392817,0.005444290322580869,13.500543,-0.11304922580645105,12.296781,3.7135483870898156e-4,13.424783,-0.09603080645161377
1934,13.522569,0.13519629032258074,13.532004,-0.08158822580645086,12.197899,-0.09851064516129071,13.581304,0.06049019354838592
1935,13.344187,-0.04318570967742019,13.711808,0.0982157741935481,12.081574,-0.2148356451612905,13.788866,0.26805219354838705
1936,13.566896,0.17952329032257985,13.712852,0.09925977419354837,12.425547,0.12913735483870958,13.614497,0.09368319354838661
1937,13.630113,0.2427402903225797,13.832185,0.2185927741935494,12.507064,0.21065435483870942,13.530279,0.009465193548386708
1938,13.59405,0.2066772903225793,13.87816,0.26456777419354793,12.441184,0.14477435483870948,13.507625,-0.013188806451612578
1939,13.649585,0.2622122903225801,13.802557,0.18896477419354873,12.355442,0.05903235483870972,13.48911,-0.0317038064516133
1940,13.733449,0.34607629032258025,13.674632,0.061039774193549334,12.446969,0.15055935483870897,13.451511,-0.06930280645161346
1941,13.679027,0.2916542903225796,13.671428,0.05783577419354913,12.488621,0.19221135483870988,13.646157,0.12534319354838708
1942,13.587818,0.2004452903225804,13.875996,0.2624037741935492,12.527447,0.23103735483871013,13.772684,0.25187019354838647
1943,13.625018,0.23764529032258075,13.910225,0.29663277419354905,12.574239,0.2778293548387101,13.540356,0.01954219354838571
1944,13.566477,0.1791042903225808,14.00244,0.38884777419354855,12.517246,0.22083635483870978,13.546304,0.025490193548385776
1945,13.537984,0.1506112903225798,13.96638,0.3527877741935477,12.473251,0.1768413548387091,13.549625,0.028811193548387237
1946,13.6121,0.22472729032257988,13.743196,0.12960377419354785,12.529025,0.23261535483871043,13.491062,-0.029751806451614016
1947,13.7215,0.3341272903225807,13.827902,0.21430977419354846,12.518382,0.22197235483871047,13.613881,0.09306719354838577
1948,13.712023,0.3246502903225803,13.809032,0.19543977419354874,12.515959,0.2195493548387102,13.619322,0.09850819354838691
1949,13.508722,0.12134929032258057,13.82977,0.21617777419354844,12.78874,0.49233035483871035,13.566792,0.04597819354838606
1950,13.527687,0.14031429032258025,13.826903,0.21331077419354827,12.726512,0.4301023548387093,13.670757,0.1499431935483866
1951,13.700136,0.31276329032258054,13.787147,0.1735547741935477,12.685577,0.38916735483871,13.541828,0.021014193548387183
1952,13.751046,0.36367329032258056,13.841923,0.22833077419354808,12.467734,0.17132435483870978,13.660375,0.1395611935483867
1953,13.715892,0.3285192903225802,13.845478,0.2318857741935485,12.629276,0.3328663548387105,13.701918,0.1811041935483857
1954,13.633812,0.24643929032258072,13.646436,0.032843774193548114,12.581439,0.2850293548387093,13.654088,0.13327419354838632
1955,13.65045,0.2630772903225793,13.569798,-0.04379422580645098,12.458766,0.16235635483871036,13.76986,0.24904619354838609
1956,13.720836,0.33346329032258026,13.620936,0.007343774193548924,12.548089,0.25167935483870885,13.670971,0.1501571935483863
1957,13.762179,0.3748062903225797,13.566252,-0.04734022580645103,12.511213,0.21480335483870938,13.639499,0.11868519354838725
1958,13.667785,0.2804122903225803,13.476672,-0.1369202258064508,12.361785,0.06537535483870904,13.576938,0.056124193548386714
1959,13.744941,0.35756829032258075,13.467415,-0.14617722580645065,12.529382,0.2329723548387097,13.526005,0.005191193548386153
1960,13.713937,0.3265642903225796,13.517719,-0.09587322580645186,12.822321,0.5259113548387102,13.490109,-0.03070480645161311
1961,13.597249,0.2098762903225797,13.41584,-0.19775222580645213,12.802034,0.5056243548387105,13.689194,0.16838019354838707
1962,13.572788,0.1854152903225792,13.46938,-0.1442122258064522,12.528663,0.23225335483870957,13.759352,0.23853819354838635
1963,13.428611,0.041238290322580085,13.53492,-0.07867222580645183,12.435874,0.13946435483870978,13.893573,0.3727591935483865
1964,13.442557,0.055184290322580765,13.341171,-0.2724212258064522,12.246991,-0.0494186451612908,13.802806,0.2819921935483869
1965,13.529003,0.14163029032257946,13.394086,-0.21950622580645174,12.151438,-0.14497164516128969,13.631769,0.11095519354838679
1966,13.529096,0.14172329032257913,13.321116,-0.2924762258064515,12.298443,0.002033354838710366,13.568825,0.0480111935483869
1967,13.498972,0.1115992903225802,13.515692,-0.09790022580645186,12.524096,0.2276863548387098,13.620322,0.09950819354838636
1968,13.671795,0.2844222903225795,13.603003,-0.010589225806452163,12.415892,0.11948235483870917,13.767479,0.24666519354838634
1969,13.905392,0.5180192903225809,13.590863,-0.02272922580645087,12.432862,0.13645235483870977,13.566347,0.04553319354838692
1970,13.806669,0.4192962903225794,13.524081,-0.08951122580645077,12.553083,0.25667335483871057,13.611545,0.0907311935483861
1971,13.582948,0.19557529032258003,13.554892,-0.058700225806450845,12.548548,0.25213835483870994,13.869881,0.349067193548386
1972,13.724063,0.33669029032257924,13.68286,0.06926777419354835,12.531147,0.2347373548387104,13.996397,0.4755831935483865
1973,13.699795,0.31242229032257995,13.74885,0.13525777419354768,12.613759,0.31734935483870963,13.961517,0.44070319354838716
1974,13.776649,0.3892762903225808,13.65546,0.04186777419354826,12.659053,0.3626433548387098,13.860501,0.33968719354838584
1975,13.861611,0.4742382903225799,13.637933,0.024340774193548853,12.571289,0.27487935483870984,13.903459,0.38264519354838633
1976,14.029647,0.6422742903225807,13.679071,0.06547877419354897,12.668147,0.37173735483870907,14.012105,0.4912911935483866
1977,13.922843,0.5354702903225803,13.672802,0.059209774193549336,12.696756,0.4003463548387103,14.024625,0.5038111935483869
1978,13.875581,0.4882082903225804,13.664243,0.05065077419354935,12.60783,0.31142035483870956,13.976962,0.45614819354838687
1979,13.932006,0.5446332903225795,13.65564,0.04204777419354855,12.532364,0.23595435483870908,14.096383,0.575569193548386
1980,14.039356,0.6519832903225797,13.590391,-0.02320122580645112,12.551073,0.2546633548387103,14.253426,0.7326121935483858
1981,14.109246,0.7218732903225806,13.538856,-0.07473622580645234,12.711692,0.415282354838709,14.179488,0.6586741935483857
1982,13.984711,0.5973382903225808,13.434242,-0.1793502258064521,12.764866,0.4684563548387093,14.083454,0.5626401935483862
1983,13.841626,0.4542532903225798,13.328716,-0.28487622580645144,12.667833,0.3714233548387096,13.905287,0.38447319354838605
1984,13.858485,0.47111229032257995,13.657801,0.04420877419354774,12.716844,0.4204343548387097,14.113584,0.592770193548386
1985,13.905814,0.5184412903225795,13.786079,0.1724867741935494,12.573394,0.2769843548387101,14.137475,0.6166611935483868
1986,14.088914,0.7015412903225808,13.805044,0.19145177419354908,12.77758,0.48117035483871007,14.093178,0.5723641935483865
1987,14.135625,0.7482522903225792,13.809036,0.1954437741935493,12.913492,0.6170823548387094,14.2133,0.6924861935483868
1988,13.981661,0.5942882903225808,13.820988,0.20739577419354838,12.957902,0.6614923548387104,14.196064,0.6752501935483863
1989,14.017047,0.6296742903225798,13.816988,0.20339577419354882,13.072227,0.7758173548387095,14.394839,0.8740251935483858
1990,14.20685,0.8194772903225793,13.786375,0.17278277419354815,13.126817,0.8304073548387105,14.514721,0.9939071935483863
1991,14.219575,0.8322022903225808,13.740276,0.12668377419354826,12.884207,0.5877973548387097,14.313543,0.7927291935483858
1992,14.001485,0.6141122903225806,13.672911,0.059318774193547696,12.818761,0.52235135483871,13.745271,0.22445719354838722
1993,14.183567,0.79619429032258,13.695694,0.08210177419354814,13.054515,0.75810535483871,13.782441,0.2616271935483869
1994,13.992443,0.6050702903225798,13.859368,0.24577577419354846,13.012272,0.7158623548387091,14.072265,0.5514511935483863
1995,13.969507,0.5821342903225801,14.00447,0.3908777741935481,12.915868,0.6194583548387094,14.098286,0.5774721935483864
1996,14.008188,0.6208152903225805,13.921518,0.3079257741935493,13.02166,0.7252503548387104,14.156599,0.6357851935483865
1997,14.21338,0.8260072903225808,13.935858,0.3222657741935482,13.207003,0.91059335483871,14.201764,0.6809501935483873
1998,14.420976,1.0336032903225796,14.03362,0.4200277741935494,13.369545,1.0731353548387101,14.491398,0.9705841935483868
1999,14.371026,0.9836532903225805,14.007772,0.39417977419354777,13.378193,1.0817833548387092,14.521036,1.000222193548387
2000,14.462617,1.0752442903225798,14.105802,0.49220977419354917,13.440119,1.143709354838709,14.478825,0.958011193548387
2001,14.636089,1.2487162903225801,14.159326,0.5457337741935486,13.435931,1.1395213548387098,14.388184,0.8673701935483873
2002,14.647533,1.2601602903225793,14.341082,0.7274897741935487,13.421336,1.1249263548387098,14.482862,0.9620481935483873
2003,14.453504,1.0661312903225806,14.193121,0.5795287741935482,13.387913,1.091503354838709,14.57442,1.0536061935483865
2004,14.516464,1.1290912903225792,14.099679,0.4860867741935486,13.417794,1.1213843548387104,14.430845,0.9100311935483862
2005,14.603329,1.2159562903225805,14.137623,0.5240307741935482,13.500061,1.2036513548387102,14.408416,0.8876021935483873
2006,14.643324,1.2559512903225798,14.27506,0.6614677741935484,13.357267,1.06085735483871,14.439958,0.9191441935483873
2007,14.623758,1.2363852903225805,14.406495,0.7929027741935482,13.381383,1.0849733548387093,14.43926,0.9184461935483874
2008,14.626076,1.2387032903225794,14.492435,0.878842774193549,13.578753,1.2823433548387104,14.699516,1.1787021935483857
2009,14.649173,1.2618002903225793,14.527841,0.914248774193549,13.666673,1.370263354838709,14.685835,1.1650211935483874
2010,14.74,1.3526272903225802,14.683339,1.0697467741935487,13.729424,1.4330143548387095,14.6169,1.0960861935483859
2011,14.582481,1.1951082903225796,14.753393,1.1398007741935494,13.58778,1.29137035483871,14.680344,1.1595301935483864
2012,14.562188,1.1748152903225808,14.521481,0.9078887741935482,13.571435,1.275025354838709,14.71062,1.189806193548387
2013,14.594488,1.2071152903225801,14.482485,0.868892774193549,13.567609,1.2711993548387088,14.897193,1.3763791935483862
2014,14.841794,1.4544212903225802,14.688745,1.0751527741935494,13.421066,1.1246563548387094,15.083676,1.562862193548387
2015,14.850982,1.4636092903225801,14.824942,1.2113497741935486,13.709559,1.4131493548387102,15.128627,1.6078131935483864
2016,14.856891,1.4695182903225792,14.817657,1.204064774193549,13.935065,1.6386553548387095,14.994044,1.4732301935483871
2017,14.869863,1.4824902903225805,14.751584,1.137991774193548,13.983985,1.6875753548387102,14.908759,1.3879451935483864
2018,14.945325,1.5579522903225804,14.871559,1.257966774193548,13.79722,1.500810354838709,14.932851,1.412037193548386
2019,14.991068,1.6036952903225803,14.840423,1.226830774193548,13.93225,1.6358403548387095,14.803437,1.2826231935483872
2020,14.817079,1.4297062903225797,15.002352,1.3887597741935487,13.849494,1.5530843548387097,15.081584,1.560770193548386
2021,14.960273,1.5729002903225808,15.072983,1.4593907741935492,13.791738,1.4953283548387102,15.212475,1.691661193548386
2022,15.002365,1.6149922903225793,15.069276,1.4556837741935489,13.857287,1.5608773548387092,15.09952,1.5787061935483866
2023,15.190456,1.8030832903225793,15.112833,1.4992407741935487,13.962223,1.6658133548387095,14.942001,1.421187193548386
2024,15.074796,1.6874232903225792,15.13833,1.5247377741935484,13.891852,1.5954423548387098,14.857433,1.3366191935483869
2025,15.218282,1.8309092903225803,15.056709,1.4431167741935482,14.037609,1.7411993548387095,15.028971,1.5081571935483868
2026,15.264477,1.8771042903225794,15.157726,1.5441337741935488,14.107429,1.8110193548387095,15.375956,1.855142193548387
2027,15.223924,1.8365512903225802,15.233821,1.6202287741935493,14.082143,1.78573335483871,15.279358,1.7585441935483868
2028,15.195132,1.8077592903225792,15.097022,1.4834297741935494,14.105401,1.8089913548387102,15.041706,1.5208921935483861
2029,15.314724,1.92735129032258,15.012209,1.398616774193549,14.143585,1.8471753548387095,15.116766,1.5959521935483867
2030,15.332655,1.9452822903225808,15.154147,1.5405547741935486,14.228726,1.9323163548387097,15.010893,1.490079193548386
2031,15.270429,1.88305629032258,15.138927,1.5253347741935492,14.337523,2.041113354838709,15.028658,1.5078441935483866
2032,15.347793,1.9604202903225794,15.30963,1.6960377741935488,14.501919,2.205509354838709,15.058587,1.5377731935483858
2033,15.523054,2.13568129032258,15.456181,1.8425887741935494,14.298944,2.0025343548387102,15.503408,1.9825941935483868
2034,15.431314,2.0439412903225804,15.503176,1.8895837741935484,14.405035,2.1086253548387095,15.503417,1.9826031935483872
2035,15.432763,2.0453902903225796,15.592996,1.979403774193548,14.582672,2.28626235483871,15.211444,1.6906301935483867
2036,15.432947,2.0455742903225804,15.695594,2.0820017741935484,14.616393,2.31998335483871,15.189421,1.668607193548386
2037,15.562742,2.17536929032258,15.597812,1.984219774193548,14.545982,2.24957235483871,15.358479,1.8376651935483874
2038,15.443037,2.0556642903225804,15.771632,2.158039774193549,14.547985,2.2515753548387103,15.525583,2.004769193548386
2039,15.537154,2.1497812903225793,15.792058,2.1784657741935494,14.537421,2.24101135483871,15.659553,2.1387391935483873
2040,15.549632,2.162259290322581,15.731198,2.1176057741935477,14.519714,2.22330435483871,15.64882,2.128006193548387
2041,15.702476,2.3151032903225808,15.810812,2.197219774193549,14.687628,2.39121835483871,15.494564,1.973750193548387
2042,15.712823,2.32545029032258,15.805219,2.191626774193548,14.78701,2.49060035483871,15.745749,2.2249351935483865
2043,15.671615,2.284242290322579,15.874867,2.2612747741935486,15.014584,2.718174354838709,16.142579,2.621765193548388
2044,15.799992,2.4126192903225796,15.904739,2.291146774193548,15.204767,2.90835735483871,15.579445,2.0586311935483863
2045,15.870032,2.48265929032258,15.890379,2.276786774193548,15.196497,2.9000873548387105,15.505681,1.9848671935483857
2046,15.859646,2.4722732903225797,15.925692,2.3120997741935483,15.001886,2.7054763548387104,15.660533,2.1397191935483857
2047,15.801872,2.4144992903225795,15.980421,2.3668287741935483,15.043174,2.74676435483871,15.782938,2.2621241935483862
2048,15.804212,2.4168392903225797,16.171617,2.55802477419355,15.220284,2.923874354838709,15.901403,2.3805891935483867
2049,15.877134,2.48976129032258,16.172788,2.559195774193549,15.324496,3.0280863548387096,15.861706999999999,2.3408931935483857
2050,15.955855,2.5684822903225797,16.344519,2.730926774193547,15.260239,2.96382935483871,15.916459,2.3956451935483862
2051,16.004682,2.617309290322579,16.32945,2.71585777419355,15.142735,2.8463253548387097,15.987545,2.4667311935483873
2052,16.076712,2.6893392903225806,16.28852,2.674927774193547,15.312507,3.0160973548387098,15.945133,2.4243191935483868
2053,16.026735,2.6393622903225786,16.347085,2.7334927741935484,15.453823,3.1574133548387096,16.104805,2.5839911935483855
2054,15.99633,2.6089572903225804,16.43102,2.8174277741935487,15.517841,3.2214313548387103,16.336826,2.816012193548385
2055,16.174189,2.7868162903225784,16.501215,2.887622774193547,15.522479,3.2260693548387103,16.359883,2.8390691935483865
2056,16.252356,2.864983290322579,16.490172,2.8765797741935497,15.685688,3.3892783548387104,16.102471,2.581657193548388
2057,16.266977,2.8796042903225807,16.642471,3.028878774193549,15.597772,3.3013623548387105,16.024682,2.503868193548385
2058,16.353391,2.9660182903225785,16.810738,3.197145774193549,15.759958,3.463548354838709,16.262814,2.7420001935483853
2059,16.42088,3.0335072903225804,17.13622,3.52262777419355,15.663688,3.36727835483871,16.519046,2.998232193548386
2060,16.451684,3.06431129032258,17.083596,3.4700037741935486,15.65723,3.36082035483871,16.322184,2.8013701935483866
2061,16.394018,3.006645290322579,17.00611,3.392517774193548,15.648596,3.352186354838709,16.347655,2.826841193548386
2062,16.642043,3.254670290322581,16.94614,3.3325477741935483,15.870767,3.5743573548387104,16.491088,2.970274193548388
2063,16.688379,3.301006290322581,16.965312,3.3517197741935494,16.032681,3.73627135483871,16.571224,3.0504101935483874
2064,16.584434,3.1970612903225817,17.014921,3.4013287741935496,15.971643,3.67523335483871,16.563119,3.042305193548387
2065,16.705972,3.318599290322579,17.114433,3.5008407741935468,16.125226,3.828816354838711,16.430971,2.910157193548386
2066,16.752249,3.364876290322579,17.191452,3.5778597741935503,16.228582,3.932172354838709,16.431173,2.9103591935483877
2067,16.776754,3.3893812903225804,17.231396,3.6178037741935487,16.14679,3.850380354838709,16.51351,2.9926961935483867
2068,16.769022,3.3816492903225797,17.363321,3.7497287741935477,16.219551,3.923141354838709,16.852442,3.3316281935483865
2069,16.882435,3.495062290322581,17.28409,3.6704977741935476,16.463771,4.167361354838711,17.020629,3.499815193548386
2070,17.053337,3.665964290322579,17.446196,3.832603774193549,16.489257,4.192847354838708,16.782115,3.2613011935483875
2071,16.980327,3.592954290322579,17.41104,3.7974477741935484,16.396534,4.100124354838709,16.68682,3.1660061935483874
2072,16.878929,3.4915562903225794,17.481609,3.8680167741935474,16.43741,4.1410003548387095,17.050878,3.5300641935483874
2073,16.854237,3.4668642903225813,17.607316,3.9937237741935494,16.693685,4.397275354838708,17.263664,3.742850193548385
2074,17.101982,3.7146092903225796,17.63696,4.023367774193547,16.751845,4.455435354838709,16.951241,3.430427193548386
2075,17.252913,3.8655402903225795,17.604928,3.9913357741935496,16.54793,4.251520354838711,16.992312,3.471498193548385
2076,17.210252,3.8228792903225806,17.780175,4.166582774193548,16.715128,4.41871835483871,17.245175,3.7243611935483862
2077,17.285994,3.8986212903225788,17.899041,4.285448774193549,16.903004,4.606594354838709,17.266142,3.745328193548385
2078,17.455827,4.068454290322579,18.050089,4.436496774193548,16.92099,4.624580354838709,17.443121,3.922307193548388
2079,17.567911,4.180538290322579,18.103436,4.489843774193547,16.98304,4.686630354838709,17.124928,3.604114193548387
2080,17.380701,3.9933282903225784,18.256245,4.642652774193548,16.888046,4.591636354838709,16.9444,3.4235861935483882
2081,17.503174,4.115801290322581,18.266492,4.652899774193548,16.906213,4.609803354838711,17.300318,3.7795041935483873
2082,17.538386,4.151013290322579,18.225065,4.611472774193549,17.00749,4.71108035483871,17.401705,3.8808911935483863
2083,17.584569,4.197196290322578,18.120797,4.507204774193548,17.269539,4.973129354838711,17.549259,4.028445193548386
2084,17.5493,4.161927290322579,18.242661,4.629068774193547,17.495304,5.1988943548387105,17.734334,4.213520193548387
2085,17.538651,4.1512782903225816,18.388115,4.774522774193548,17.395347,5.098937354838711,17.654741,4.133927193548388
2086,17.668273,4.280900290322579,18.47391,4.860317774193549,17.292467,4.996057354838708,17.691402,4.170588193548387
2087,17.733514,4.34614129032258,18.577245,4.96365277419355,17.460988,5.16457835483871,17.800771,4.2799571935483876
2088,17.88115,4.493777290322582,18.653935,5.040342774193549,17.397467,5.101057354838709,17.991164,4.470350193548388
2089,17.932975,4.545602290322579,18.636084,5.022491774193549,17.457583,5.161173354838709,17.896512,4.375698193548388
2090,18.077474,4.690101290322579,18.610221,4.996628774193548,17.581042,5.28463235483871,17.869591,4.348777193548386
2091,18.021544,4.634171290322579,18.73334,5.119747774193547,17.587933,5.291523354838709,17.930486,4.409672193548385
2092,18.115964,4.728591290322582,18.739589,5.125996774193547,17.707197,5.41078735483871,17.937912,4.417098193548387
2093,18.089837,4.702464290322579,18.723044,5.10945177419355,17.624977,5.328567354838711,18.157423,4.636609193548388
2094,17.894567,4.507194290322579,18.802622,5.189029774193548,17.766366,5.469956354838711,18.192354,4.671540193548388
2095,18.108603,4.721230290322579,18.772369,5.15877677419355,17.940769,5.644359354838709,18.009016,4.488202193548386
2096,18.147129,4.75975629032258,18.89098,5.2773877741935475,18.195288,5.898878354838711,18.098537,4.577723193548387
2097,17.982318,4.594945290322579,18.98414,5.370547774193549,18.191969,5.89555935483871,18.356009,4.835195193548387
2098,18.120814,4.733441290322579,18.993326,5.379733774193548,18.126688,5.830278354838711,18.280367,4.759553193548385
2099,18.284212,4.89683929032258,19.080925,5.467332774193549,18.241675,5.94526535483871,18.253029,4.732215193548388
2100,18.295625,4.908252290322581,19.015276,5.401683774193549,18.217261,5.92085135483871,18.29964,4.778826193548387
2101,18.413328,5.02595529032258,19.256262,5.642669774193548,18.360684,6.064274354838709,18.214561,4.693747193548386
2102,18.347761,4.960388290322578,19.308207,5.694614774193548,18.323062,6.02665235483871,18.299466,4.778652193548385
2103,18.478728,5.09135529032258,19.234638,5.621045774193549,18.212313,5.915903354838711,18.390712,4.869898193548387
2104,18.565548,5.17817529032258,19.188713,5.5751207741935485,18.336931,6.0405213548387096,18.562138,5.0413241935483875
2105,18.31054,4.92316729032258,19.338307,5.724714774193549,18.405141,6.10873135483871,18.497601,4.976787193548386
2106,18.338388,4.951015290322578,19.474558,5.860965774193547,18.47123,6.174820354838708,18.777676,5.256862193548386
2107,18.372351,4.984978290322578,19.611912,5.998319774193549,18.651224,6.354814354838709,18.889137,5.368323193548388
2108,18.444529,5.057156290322579,19.812071,6.198478774193548,18.422744,6.126334354838711,18.59194,5.071126193548388
2109,18.481004,5.093631290322579,19.856556,6.24296377419355,18.486786,6.190376354838708,18.644326,5.123512193548386
2110,18.595721,5.208348290322581,19.862146,6.248553774193548,18.571521,6.27511135483871,18.938312,5.417498193548386
2111,18.651253,5.2638802903225805,19.820228,6.206635774193549,18.690689,6.394279354838709,19.044711,5.523897193548386
2112,18.701495,5.314122290322581,19.860753,6.2471607741935475,18.669927,6.373517354838711,19.267478,5.746664193548387
2113,18.8172,5.42982729032258,19.827349,6.21375677419355,18.887992,6.59158235483871,18.996605,5.475791193548385
2114,18.775749,5.388376290322581,19.849844,6.2362517741935495,18.715465,6.419055354838708,19.009134,5.488320193548386
2115,18.75657,5.36919729032258,20.121354,6.507761774193549,18.781864,6.4854543548387085,19.226436,5.705622193548386
2116,18.768462,5.3810892903225795,20.123408,6.50981577419355,18.779273,6.48286335483871,19.152911,5.632097193548386
2117,18.922749,5.53537629032258,20.214166,6.600573774193547,18.919495,6.623085354838711,19.247604,5.726790193548386
2118,18.894939,5.507566290322581,20.138323,6.524730774193548,19.053928,6.757518354838709,19.450074,5.929260193548387
2119,19.002884,5.615511290322582,20.246538,6.63294577419355,19.067136,6.770726354838711,19.467094,5.946280193548386
2120,18.987548,5.60017529032258,20.331593,6.71800077419355,19.150828,6.85441835483871,19.395488,5.874674193548387
2121,19.012119,5.6247462903225784,20.217803,6.6042107741935485,19.241855,6.945445354838711,19.440023,5.919209193548387
2122,18.964103,5.5767302903225815,20.324267,6.7106747741935475,19.499779,7.20336935483871,19.718233,6.197419193548388
2123,19.036475,5.649102290322579,20.375837,6.762244774193549,19.377702,7.081292354838709,19.308658,5.787844193548388
2124,19.153047,5.765674290322581,20.475847,6.86225477419355,19.53418,7.237770354838709,19.456899,5.9360851935483865
2125,19.281215,5.89384229032258,20.588047,6.974454774193548,19.576156,7.279746354838711,19.79057,6.269756193548385
2126,19.224795,5.83742229032258,20.522393,6.9088007741935495,19.506824,7.210414354838711,19.724616,6.203802193548388
2127,19.191139,5.80376629032258,20.64941,7.035817774193548,19.41844,7.12203035483871,19.572716,6.051902193548386
2128,19.263282,5.87590929032258,20.738057,7.12446477419355,19.400097,7.1036873548387085,19.79365,6.272836193548386
2129,19.31366,5.926287290322579,20.632504,7.018911774193549,19.545877,7.2494673548387105,19.731782,6.210968193548386
2130,19.411859,6.02448629032258,20.660701,7.047108774193548,19.537035,7.240625354838709,19.699683,6.178869193548387
2131,19.499236,6.11186329032258,20.787984,7.17439177419355,19.695273,7.39886335483871,19.842698,6.321884193548385
2132,19.550515,6.163142290322581,20.862623,7.249030774193548,19.680685,7.38427535483871,20.092543,6.571729193548386
2133,19.543267,6.15589429032258,20.937082,7.323489774193549,19.873435,7.57702535483871,20.214737,6.693923193548386
2134,19.62727,6.239897290322579,21.065394,7.45180177419355,19.813254,7.51684435483871,19.916775,6.395961193548388
2135,19.745491,6.358118290322581,21.162753,7.549160774193547,19.907097,7.61068735483871,19.846633,6.325819193548387
2136,19.787756,6.400383290322582,21.249706,7.636113774193548,19.753627,7.457217354838711,20.275427,6.754613193548387
2137,19.694895,6.307522290322579,21.26835,7.65475777419355,19.897643,7.601233354838708,20.132251,6.611437193548387
2138,19.729762,6.342389290322581,21.284083,7.6704907741935475,20.091718,7.79530835483871,20.286979,6.766165193548385
2139,19.685613,6.29824029032258,21.380899,7.767306774193548,20.184721,7.888311354838709,20.336028,6.815214193548385
2140,19.567114,6.17974129032258,21.323087,7.70949477419355,20.118769,7.82235935483871,20.468334,6.947520193548385
2141,19.762815,6.37544229032258,21.519891,7.90629877419355,20.190496,7.894086354838709,20.420598,6.899784193548385
2142,19.825391,6.43801829032258,21.429036,7.8154437741935485,19.973513,7.67710335483871,20.518644,6.997830193548385
2143,19.692357,6.304984290322581,21.485481,7.871888774193549,20.164708,7.868298354838711,20.424887,6.904073193548385
2144,19.739493,6.3521202903225795,21.45506,7.841467774193548,20.16889,7.872480354838711,20.508736,6.9879221935483855
2145,19.924769,6.537396290322581,21.466914,7.853321774193548,20.163765,7.867355354838711,20.488029,6.9672151935483875
2146,20.058448,6.6710752903225785,21.538684,7.9250917741935485,20.266412,7.970002354838709,20.62503,7.104216193548385
2147,19.931187,6.543814290322581,21.552024,7.938431774193548,20.429433,8.13302335483871,20.705013,7.1841991935483875
2148,19.824061,6.43668829032258,21.635888,8.02229577419355,20.601055,8.304645354838708,20.868539,7.347725193548385
2149,19.998626,6.611253290322582,21.620269,8.006676774193549,20.526311,8.22990135483871,20.767995,7.247181193548386
2150,20.20208,6.814707290322579,21.627606,8.014013774193549,20.698494,8.40208435483871,20.722096,7.201282193548387
2151,20.078162,6.690789290322579,21.587768,7.974175774193549,20.739914,8.443504354838709,20.946628,7.425814193548387
2152,20.078537,6.691164290322581,21.592647,7.979054774193548,20.571764,8.275354354838711,21.092715,7.571901193548385
2153,20.036152,6.648779290322581,21.673369,8.05977677419355,20.770479,8.474069354838711,20.760486,7.239672193548387
2154,20.12953,6.742157290322579,21.755606,8.142013774193549,20.830148,8.533738354838711,20.846347,7.325533193548388
2155,20.167101,6.779728290322579,21.700072,8.086479774193547,20.865392,8.56898235483871,20.928014,7.4072001935483875
2156,20.21257,6.8251972903225795,21.710096,8.096503774193549,20.962708,8.666298354838709,20.767416,7.246602193548387
2157,20.302675,6.915302290322581,21.743447,8.129854774193548,21.012863,8.716453354838709,21.079201,7.558387193548388
2158,20.318683,6.93131029032258,21.890416,8.276823774193547,20.865101,8.568691354838709,21.365476,7.844662193548388
2159,20.385598,6.998225290322582,21.994363,8.380770774193548,21.043848,8.74743835483871,21.096301,7.575487193548387
2160,20.272359,6.884986290322582,22.115826,8.502233774193547,21.172914,8.876504354838708,21.228302,7.707488193548386
2161,20.246204,6.858831290322579,22.113684,8.500091774193548,21.050712,8.75430235483871,21.310669999999998,7.789856193548385
2162,20.308337,6.920964290322582,22.207933,8.59434077419355,21.195935,8.899525354838708,21.314808,7.793994193548386
2163,20.494655,7.107282290322582,22.188384,8.574791774193548,21.170044999999998,8.873635354838708,21.226796,7.705982193548387
2164,20.478482,7.09110929032258,22.08905,8.475457774193549,21.21647,8.92006035483871,21.308044,7.787230193548385
2165,20.357304,6.969931290322579,22.17483,8.561237774193549,21.486005,9.189595354838708,21.430415,7.9096011935483865
2166,20.412476,7.025103290322582,22.325749,8.712156774193547,21.475965,9.179555354838708,21.45585,7.935036193548388
2167,20.539566,7.152193290322581,22.320085,8.706492774193547,21.314819,9.01840935483871,21.417763,7.896949193548387
2168,20.633041,7.245668290322579,22.381807,8.768214774193547,21.349568,9.053158354838711,21.557997,8.037183193548387
2169,20.624802,7.237429290322579,22.496729,8.883136774193547,21.589266,9.292856354838708,21.367347,7.846533193548385
2170,20.624433,7.23706029032258,22.455763,8.84217077419355,21.568139,9.271729354838708,21.213888,7.693074193548387
2171,20.680903,7.293530290322581,22.641286,9.02769377419355,21.698659,9.402249354838709,21.530286,8.009472193548387
2172,20.643375,7.256002290322579,22.725742,9.112149774193549,21.631808,9.33539835483871,21.734618,8.213804193548388
2173,20.638712,7.251339290322582,22.856463,9.24287077419355,21.460875,9.164465354838711,21.369514,7.848700193548385
2174,20.770993,7.383620290322581,22.826403,9.212810774193548,21.563041,9.266631354838708,21.427617,7.906803193548388
2175,20.852029,7.464656290322582,22.870058,9.256465774193549,21.730513,9.434103354838708,21.72979,8.208976193548388
2176,20.768162,7.38078929032258,22.819421,9.205828774193547,21.782557,9.48614735483871,21.757199,8.236385193548386
2177,20.765232,7.377859290322581,22.723667,9.110074774193547,21.800095,9.503685354838709,21.758733,8.237919193548386
2178,20.961489,7.57411629032258,22.797651,9.184058774193547,21.953092,9.656682354838711,21.749554,8.228740193548386
2179,20.905104,7.5177312903225815,22.698458,9.084865774193547,21.905158,9.60874835483871,21.828648,8.307834193548388
2180,20.907088,7.519715290322582,22.741312,9.12771977419355,21.995394,9.69898435483871,21.872601,8.351787193548386
2181,20.959505,7.57213229032258,22.854828,9.24123577419355,22.007311,9.710901354838711,22.091778,8.570964193548388
2182,21.02683,7.63945729032258,22.940531,9.326938774193549,21.933557,9.63714735483871,21.878644,8.357830193548388
2183,21.064978,7.67760529032258,22.948444,9.334851774193547,22.033937,9.737527354838711,22.102344,8.581530193548385
2184,21.105845,7.718472290322579,23.082608,9.469015774193549,22.057975,9.761565354838709,22.064632,8.543818193548386
2185,21.183672,7.796299290322581,23.092931,9.479338774193549,21.926986,9.630576354838709,22.115076,8.594262193548385
2186,21.090621,7.703248290322579,23.182853,9.56926077419355,22.095677,9.799267354838708,22.288667,8.767853193548387
2187,20.995666,7.60829329032258,23.144606,9.531013774193548,22.087161,9.790751354838708,22.164581,8.643767193548385
2188,21.144068999999998,7.756696290322578,22.991373,9.377780774193548,22.127932,9.831522354838711,22.170794,8.649980193548387
2189,21.245949,7.8585762903225795,23.073652,9.460059774193548,22.087723,9.79131335483871,22.297768,8.776954193548388
2190,21.29821,7.910837290322581,23.185474,9.571881774193548,22.38914,10.09273035483871,22.434036,8.913222193548386
2191,21.211103,7.823730290322581,23.250654,9.63706177419355,22.359836,10.063426354838711,22.194687,8.673873193548385
2192,21.230648,7.843275290322579,23.225619,9.612026774193547,22.22205,9.925640354838709,22.069036,8.548222193548387
2193,21.230542,7.84316929032258,23.117459,9.503866774193549,22.371554,10.07514435483871,22.131988,8.611174193548386
2194,21.367172,7.97979929032258,23.236312,9.62271977419355,22.342176,10.045766354838708,22.414584,8.893770193548388
2195,21.300056,7.912683290322581,23.314431,9.700838774193548,22.467595,10.171185354838709,22.518759,8.997945193548386
2196,21.277227,7.88985429032258,23.31915,9.705557774193549,22.437438,10.14102835483871,22.512616,8.991802193548388
2197,21.408465,8.02109229032258,23.341627,9.728034774193548,22.574245,10.277835354838711,22.334857,8.814043193548386
2198,21.409145,8.021772290322579,23.316337,9.70274477419355,22.649808,10.35339835483871,22.422336,8.901522193548388
2199,21.45831,8.070937290322581,23.336364,9.722771774193548,22.790107,10.493697354838709,22.487874,8.967060193548388
2200,21.506158,8.11878529032258,23.351724,9.73813177419355,22.811858,10.51544835483871,22.48357,8.962756193548387
2201,21.622493,8.235120290322579,23.482748,9.86915577419355,22.761489,10.46507935483871,22.581942,9.061128193548388
2202,21.54957,8.16219729032258,23.624414,10.01082177419355,22.769268,10.47285835483871,22.591363,9.070549193548388
2203,21.523553,8.13618029032258,23.573932,9.960339774193548,22.833393,10.53698335483871,22.694573,9.173759193548385
2204,21.498598,8.111225290322581,23.610683,9.99709077419355,22.822103,10.525693354838708,22.687369,9.166555193548387
2205,21.576259,8.18888629032258,23.604306,9.99071377419355,22.853162,10.55675235483871,22.571566,9.050752193548387
2206,21.695773,8.308400290322579,23.71251,10.09891777419355,22.890403,10.593993354838709,22.643418,9.122604193548387
2207,21.572301,8.18492829032258,23.71201,10.098417774193548,22.83126,10.53485035483871,22.829329,9.308515193548388
2208,21.612712,8.225339290322578,23.745143,10.131550774193547,22.708012,10.41160235483871,22.821121,9.300307193548388
2209,21.689115,8.301742290322581,23.778814,10.165221774193549,22.992998,10.69658835483871,22.485724,8.964910193548388
2210,21.687289,8.29991629032258,23.834308,10.220715774193549,22.984708,10.688298354838711,22.544227,9.023413193548386
2211,21.831048,8.44367529032258,23.901606,10.28801377419355,22.951858,10.655448354838711,22.626862,9.106048193548386
2212,21.806844,8.419471290322582,23.769864,10.156271774193547,22.84912,10.552710354838709,22.829899,9.309085193548388
2213,21.76411,8.376737290322579,23.777435,10.163842774193549,22.955635,10.65922535483871,22.576868,9.056054193548388
2214,21.835217,8.44784429032258,23.778167,10.164574774193548,23.162002,10.86559235483871,22.762418,9.241604193548387
2215,21.812567,8.425194290322581,23.957753,10.344160774193549,23.320984,11.024574354838709,22.993578,9.472764193548386
2216,21.881375,8.494002290322578,23.890474,10.27688177419355,23.274292,10.977882354838709,22.766087,9.245273193548385
2217,21.863184,8.47581129032258,23.813404,10.199811774193547,23.220806,10.92439635483871,22.737972,9.217158193548386
2218,21.926498,8.539125290322579,23.875406,10.26181377419355,23.350972,11.054562354838708,23.059463,9.538649193548387
2219,21.887708,8.50033529032258,23.920467,10.306874774193547,23.378735,11.082325354838709,23.125017,9.604203193548386
2220,21.931503,8.54413029032258,23.937597,10.324004774193549,23.189039,10.89262935483871,23.044296,9.523482193548386
2221,21.909964,8.522591290322579,23.952596,10.339003774193548,23.207712,10.91130235483871,23.074248,9.553434193548387
2222,21.907256,8.51988329032258,24.016278,10.402685774193548,23.352618,11.05620835483871,22.858142,9.337328193548387
2223,21.815915,8.42854229032258,24.091764,10.47817177419355,23.483796,11.187386354838711,22.848777,9.327963193548385
2224,22.037767,8.650394290322579,24.032173,10.418580774193549,23.408806,11.112396354838708,23.003514,9.482700193548386
2225,22.063427,8.67605429032258,24.083584,10.469991774193547,23.373511,11.07710135483871,23.140447,9.619633193548388
2226,22.085902,8.69852929032258,24.067535,10.453942774193548,23.467896,11.17148635483871,23.066557,9.545743193548386
2227,22.016399,8.62902629032258,24.087132,10.473539774193549,23.599904,11.303494354838708,23.295906,9.775092193548385
2228,22.154072,8.76669929032258,24.187483,10.573890774193549,23.559505,11.263095354838711,23.086609,9.565795193548386
2229,22.147315,8.759942290322579,24.145391,10.531798774193549,23.569568,11.27315835483871,22.944271,9.423457193548387
2230,22.044505,8.657132290322581,24.090238,10.476645774193548,23.571405,11.274995354838708,23.141061,9.620247193548387
2231,21.980601,8.59322829032258,24.274982,10.66138977419355,23.733143,11.436733354838708,23.10381,9.582996193548386
2232,22.038058,8.65068529032258,24.235877,10.622284774193547,23.880451,11.58404135483871,23.036038,9.515224193548388
2233,22.120752,8.73337929032258,24.367867,10.754274774193549,23.774101,11.477691354838711,23.14236,9.621546193548387
2234,22.271938,8.884565290322579,24.355945,10.742352774193547,23.827225,11.530815354838708,23.293957,9.773143193548385
2235,22.215463,8.82809029032258,24.374983,10.761390774193549,23.929366,11.632956354838711,23.14728,9.626466193548385
2236,22.108698,8.72132529032258,24.371376,10.75778377419355,23.74222,11.44581035483871,23.170948,9.650134193548386
2237,22.121949,8.73457629032258,24.410309,10.79671677419355,23.675776,11.379366354838709,23.392892,9.872078193548386
2238,22.234438,8.84706529032258,24.326385,10.712792774193547,23.623846,11.32743635483871,23.28739,9.766576193548385
2239,22.217591,8.830218290322579,24.393014,10.77942177419355,23.840043,11.543633354838711,23.370171,9.849357193548386
2240,22.234453,8.847080290322578,24.323945,10.710352774193547,23.884416,11.588006354838711,23.38127,9.860456193548387
2241,22.287823,8.90045029032258,24.366718,10.753125774193547,23.844707,11.54829735483871,23.126121,9.605307193548388
2242,22.279223000000002,8.891850290322582,24.433662000000002,10.82006977419355,23.979178,11.68276835483871,23.177803,9.656989193548387
2243,22.301942,8.91456929032258,24.520387,10.906794774193548,23.885688,11.589278354838708,23.415165,9.894351193548385
2244,22.238001,8.85062829032258,24.50563,10.892037774193549,24.015371,11.718961354838708,23.327194,9.806380193548385
2245,22.301491,8.914118290322579,24.557155,10.94356277419355,24.130713,11.83430335483871,23.228106,9.707292193548387
2246,22.375593,8.988220290322579,24.609906,10.996313774193547,24.061233,11.764823354838711,23.329971,9.809157193548387
2247,22.305702,8.91832929032258,24.535272,10.921679774193548,23.861472,11.565062354838709,23.549336,10.028522193548387
2248,22.340426,8.95305329032258,24.597686,10.984093774193548,24.007056,11.710646354838708,23.412875,9.892061193548386
2249,22.37352,8.98614729032258,24.677494,11.063901774193548,24.160802,11.86439235483871,23.450886,9.930072193548387
2250,22.287608,8.900235290322579,24.656065,11.04247277419355,24.203477,11.90706735483871,23.548932,10.028118193548387
2251,22.357859,8.970486290322581,24.704326,11.090733774193547,24.272615,11.976205354838708,23.462186,9.941372193548386
2252,22.419328,9.03195529032258,24.681386,11.067793774193548,24.311963,12.015553354838708,23.519054,9.998240193548387
2253,22.429747,9.042374290322579,24.728907,11.115314774193548,24.167751,11.871341354838709,23.587205,10.066391193548387
2254,22.380835,8.993462290322581,24.743898,11.13030577419355,24.216895,11.92048535483871,23.68941,10.168596193548385
2255,22.372904,8.985531290322578,24.795883,11.182290774193548,24.312356,12.01594635483871,23.363522,9.842708193548386
2256,22.426757,9.039384290322579,24.767987,11.15439477419355,24.363827,12.06741735483871,23.536673,10.015859193548387
2257,22.523673,9.136300290322579,24.745787,11.132194774193549,24.344763,12.04835335483871,23.751941,10.231127193548385
2258,22.357628,8.970255290322578,24.693221,11.07962877419355,24.351569,12.055159354838711,23.379669,9.858855193548386
2259,22.356348,8.96897529032258,24.694106,11.08051377419355,24.274031,11.97762135483871,23.60233,10.081516193548385
2260,22.353495,8.966122290322579,24.743023,11.12943077419355,24.304079,12.007669354838711,23.797283,10.276469193548387
2261,22.471669,9.084296290322579,24.759964,11.146371774193549,24.398573,12.102163354838709,23.527972,10.007158193548385
2262,22.518683,9.13131029032258,24.841295,11.227702774193547,24.51333,12.21692035483871,23.548612,10.027798193548385
2263,22.455237,9.06786429032258,24.742069,11.12847677419355,24.447244,12.150834354838711,23.774944,10.254130193548388
2264,22.456173,9.06880029032258,24.797866,11.184273774193548,24.384874,12.08846435483871,23.755843,10.235029193548385
2265,22.590947,9.20357429032258,24.652657,11.03906477419355,24.224503,11.928093354838708,23.564866,10.044052193548385
2266,22.426965,9.03959229032258,24.807679,11.194086774193549,24.497725,12.201315354838709,23.569878,10.049064193548386
2267,22.490716,9.103343290322579,24.831819,11.218226774193548,24.693606,12.397196354838709,23.660347,10.139533193548388
2268,22.433855,9.046482290322581,24.66144,11.047847774193547,24.556155,12.25974535483871,23.594402,10.073588193548385
2269,22.448545,9.06117229032258,24.769712,11.156119774193547,24.458948,12.16253835483871,23.572533,10.051719193548386
2270,22.475415,9.088042290322582,24.748553,11.13496077419355,24.556209,12.259799354838709,23.914084,10.393270193548386
2271,22.517664,9.13029129032258,24.702605,11.089012774193547,24.742377,12.44596735483871,23.698162,10.177348193548386
2272,22.409562,9.022189290322581,24.785664,11.17207177419355,24.575513,12.27910335483871,23.611168,10.090354193548386
2273,22.561857,9.17448429032258,24.8485,11.23490777419355,24.653526,12.357116354838709,23.687157,10.166343193548386
2274,22.632115,9.244742290322579,24.835715,11.222122774193549,24.617334,12.32092435483871,23.731044,10.210230193548387
2275,22.568462,9.18108929032258,24.848908,11.23531577419355,24.630379,12.333969354838711,23.710005,10.189191193548385
2276,22.671169,9.283796290322579,24.780721,11.167128774193548,24.682876,12.38646635483871,23.787622,10.266808193548385
2277,22.680237,9.292864290322582,24.850804,11.237211774193549,24.625326,12.32891635483871,24.01368,10.492866193548387
2278,22.613901,9.226528290322578,24.791298,11.17770577419355,24.595145,12.298735354838708,23.822634,10.301820193548387
2279,22.705195,9.31782229032258,24.71118,11.097587774193547,24.491446,12.19503635483871,23.653664,10.132850193548386
2280,22.720825,9.333452290322581,24.716286,11.102693774193549,24.464815,12.168405354838711,23.817745,10.296931193548385
2281,22.596761,9.20938829032258,24.83871,11.225117774193548,24.473322,12.17691235483871,23.785559,10.264745193548386
2282,22.746053,9.35868029032258,24.848701,11.235108774193547,24.697085,12.400675354838711,23.70317,10.182356193548387
2283,22.638546,9.251173290322582,24.676631,11.063038774193549,24.642453,12.34604335483871,23.858335,10.337521193548387
2284,22.602651,9.215278290322582,24.740847,11.127254774193547,24.556973,12.260563354838709,23.883221,10.362407193548385
2285,22.660448,9.273075290322579,24.752722,11.139129774193547,24.775938,12.47952835483871,23.630832,10.110018193548388
2286,22.632744,9.245371290322579,24.671683,11.05809077419355,24.736198,12.439788354838711,23.758833,10.238019193548386
2287,22.615411,9.228038290322582,24.74169,11.128097774193547,24.60745,12.31104035483871,23.764892,10.244078193548386
2288,22.714671,9.32729829032258,24.942941,11.32934877419355,24.832196,12.53578635483871,23.90312,10.382306193548388
2289,22.739503,9.35213029032258,24.939192,11.325599774193547,24.93203,12.63562035483871,23.885852,10.365038193548386
2290,22.785201,9.39782829032258,24.91209,11.298497774193548,24.712489,12.416079354838711,23.952379,10.431565193548387
2291,22.72401,9.33663729032258,24.869048,11.255455774193548,24.82441,12.52800035483871,24.017088,10.496274193548388
2292,22.6759,9.288527290322579,24.981827,11.368234774193548,24.821212,12.524802354838709,23.839866,10.319052193548387
2293,22.73334,9.345967290322578,25.037544,11.423951774193549,24.736353,12.43994335483871,23.955418,10.434604193548388
2294,22.757659,9.37028629032258,25.021149,11.40755677419355,24.827302,12.53089235483871,23.999263,10.478449193548386
2295,22.718716,9.33134329032258,24.892603,11.27901077419355,24.878836,12.58242635483871,24.100502,10.579688193548385
2296,22.739516,9.352143290322578,24.880247,11.26665477419355,24.932361,12.63595135483871,24.020039,10.499225193548387
2297,22.807988,9.420615290322582,25.015882,11.40228977419355,24.915538,12.619128354838711,24.068015,10.547201193548386
2298,22.763762,9.37638929032258,24.912948,11.299355774193549,24.920598,12.624188354838708,23.815766,10.294952193548387
2299,22.741724,9.354351290322581,25.145789,11.53219677419355,24.88419,12.58778035483871,23.901906,10.381092193548387
2300,22.810015,9.42264229032258,NA,NA,24.896659,12.60024935483871,23.998457,10.477643193548385
